Year,Colombo,Western Province,Central Province,Southern Province,Nothern Province,Eastern Province,North Western Province,North Central,Uva province,Sabaragamuwa Province
2011,3751.465217,1543.627513,441.3166031,415.1467081,138.5008395,128.4112121,266.9288449,98.30645691,132.2945266,363.683217
2012,3774.943848,1550.276033,444.3098927,417.9728449,139.1281021,129.042613,268.9872597,98.90736381,132.9755476,366.3353538
2013,3798.422478,1556.924553,447.3031822,420.7989816,139.7553648,129.674014,271.0456745,99.5082707,133.6565686,368.9874907
2014,3821.901108,1563.573073,450.2964717,423.6251184,140.3826274,130.3054149,273.1040893,100.1091776,134.3375896,371.6396276
2015,3845.379738,1570.221593,453.2897612,426.4512552,141.0098901,130.9368158,275.1625041,100.7100845,135.0186106,374.2917644
2016,3868.858369,1576.870113,456.2830508,429.277392,141.6371527,131.5682168,277.2209189,101.3109914,135.6996316,376.9439013
2017,3892.336999,1583.518633,459.2763403,432.1035288,142.2644153,132.1996177,279.2793337,101.9118983,136.3806526,379.5960382
2018,3915.815629,1590.167153,462.2696298,434.9296656,142.891678,132.8310186,281.3377485,102.5128052,137.0616737,382.248175
