Year,Colombo House,Colombo Apartment,Colombo Commercial Buildings,Western Province (apart from Colombo) House,Southern Province House,Central Province House,North West Province House,North Central Province House,Uva Province House,Sabaragamuwa Province House,Eastern Province House,Northern Province House
2020,146.1086912,57.47452703,314.4480269,30.95671151,26.28969694,21.98807709,17.06861248,9.021627854,16.15097839,12.40404603,10.25669866,10.9864672
2021,160.3848355,61.38894288,349.2966341,32.93824141,27.16576481,22.80293751,17.5472125,8.872031863,16.48514769,12.75579275,10.1048926,10.80728323
2022,174.6609799,65.30335872,384.1452413,34.91977132,28.04183269,23.61779793,18.02581251,8.722435873,16.819317,13.10753946,9.953086535,10.62809925
2023,188.9371243,69.21777457,418.9938485,36.90130122,28.91790057,24.43265835,18.50441253,8.572839883,17.1534863,13.45928618,9.801280471,10.44891527
2024,203.2132687,73.13219042,453.8424557,38.88283112,29.79396844,25.24751877,18.98301254,8.423243892,17.4876556,13.81103289,9.649474406,10.2697313
2025,217.489413,77.04660626,488.6910629,40.86436102,30.67003632,26.06237919,19.46161255,8.273647902,17.8218249,14.16277961,9.497668342,10.09054732
