Year,House,Apartment,Commercial Building,Residential Land
2020,34.42239553,46.96584932,194.5352809,1.344710463
2021,36.65056975,49.77100207,214.0801477,1.428747211
2022,38.87874398,52.57615483,233.6250146,1.512783958
2023,41.1069182,55.38130759,253.1698814,1.596820706
2024,43.33509243,58.18646034,272.7147483,1.680857453
2025,45.56326665,60.9916131,292.2596151,1.764894201
