Year,Colombo,Gampaha,Kalutara,Kandy,Matale,Nuwara Eliya,Galle,Matara,Hambantota,Jaffna,Mannar,Vavuniya,Mullaitivu,Kilinochchi,Batticaloa,Ampara,Trincomalee,Kurunegala,Puttalam,Anuradhapura,Polonnaruwa,Badulla,Moneragala,Ratnapura,Kegalle
2020,3962.772889,1464.4026,711.1088322,754.1166017,231.011697,418.6260467,639.7926664,635.4448424,212.5812309,772.3073961,62.54268798,76.20131099,40.59538301,99.42519701,174.6820844,112.0013014,129.0815067,326.7691375,219.1600491,107.7488123,94.96090398,293.6337767,58.74882311,318.2902835,520.6009244
2021,3986.25152,1464.82875,715.8386645,758.731846,232.5407603,421.4728896,643.7883909,639.4225261,214.0650015,775.8830516,62.96457724,76.77832366,40.60086565,99.42263463,175.7389049,112.1459986,130.0863423,329.0187306,220.9116426,108.5686525,95.08756877,295.4915087,58.82579618,320.5772129,523.954603
2022,4009.73015,1465.254901,720.5684968,763.3470903,234.0698235,424.3197324,647.7841154,643.4002098,215.5487721,779.458707,63.3864665,77.35533634,40.60634828,99.42007226,176.7957255,112.2906958,131.0911779,331.2683236,222.6632361,109.3884927,95.21423355,297.3492406,58.90276925,322.8641424,527.3082815
2023,4033.20878,1465.681052,725.2983291,767.9623346,235.5988867,427.1665753,651.7798399,647.3778935,217.0325428,783.0343625,63.80835575,77.93234902,40.61183092,99.41750989,177.8525461,112.435393,132.0960135,333.5179167,224.4148296,110.2083329,95.34089833,299.2069726,58.97974233,325.1510718,530.66196
2024,4056.68741,1466.107203,730.0281615,772.5775788,237.12795,430.0134182,655.7755644,651.3555771,218.5163134,786.6100179,64.23024501,78.5093617,40.61731356,99.41494751,178.9093666,112.5800903,133.1008491,335.7675097,226.1664231,111.0281731,95.46756312,301.0647045,59.0567154,327.4380012,534.0156386
2025,4080.166041,1466.533353,734.7579938,777.1928231,238.6570132,432.860261,659.7712889,655.3332608,220.000084,790.1856734,64.65213427,79.08637438,40.6227962,99.41238514,179.9661872,112.7247875,134.1056847,338.0171028,227.9180167,111.8480134,95.5942279,302.9224364,59.13368847,329.7249306,537.3693171
