Year,Colombo,Gampaha,Kalutara,Kandy,Matale,Nuwara - Eliya,Galle,Matara,Hambantota,Jaffna,Mannar,Vavuniya,Mullaitivu,Kilinochchi,Batticaloa,Ampara,Trincomalee,Kurunagala,Puttalam,Chilaw,Anuradhapura,Polannaruwa,Badulla,Monaragala,Ratnapura,Kegalle
2020,2677.645641,1963.178125,1120.423076,1445.264467,451.0041361,714.2597609,1034.288824,806.6972274,530.6665267,717.7052632,117.5927619,141.8030196,98.03379043,119.8371899,455.9726449,472.8582944,1510.915138,1510.915138,631.7069254,123.610779,718.0704097,292.2136937,830.190777,323.570893,1030.114674,
2021,2693.510152,1963.749423,1127.8754,1454.109583,453.9893263,719.1170442,1040.748313,811.7468968,534.3704633,721.0281198,118.3859981,142.8767825,98.04703045,119.8341015,458.7312636,473.4691916,1521.316806,1521.316806,636.7557186,123.8082929,723.5340709,292.6034666,835.4431426,323.9948376,1037.516092,
2022,2709.374662,1964.320721,1135.327724,1462.954699,456.9745164,723.9743275,1047.207801,816.7965663,538.0743999,724.3509764,119.1792343,143.9505454,98.06027047,119.8310131,461.4898823,474.0800887,1531.718475,1531.718475,641.8045117,124.0058067,728.9977321,292.9932394,840.6955081,324.4187822,1044.91751,
2023,2725.239173,1964.892018,1142.780047,1471.799814,459.9597065,728.8316108,1053.667289,821.8462357,541.7783365,727.673833,119.9724705,145.0243083,98.0735105,119.8279247,464.248501,474.6909858,1542.120143,1542.120143,646.8533049,124.2033206,734.4613933,293.3830123,845.9478736,324.8427268,1052.318929,
2024,2741.103683,1965.463316,1150.232371,1480.64493,462.9448967,733.6888941,1060.126777,826.8959052,545.4822732,730.9966897,120.7657067,146.0980712,98.08675052,119.8248362,467.0071197,475.301883,1552.521812,1552.521812,651.902098,124.4008345,739.9250545,293.7727852,851.2002391,325.2666714,1059.720347,
2025,2756.968194,1966.034613,1157.684695,1489.490046,465.9300868,738.5461774,1066.586266,831.9455746,549.1862098,734.3195463,121.5589429,147.1718341,98.09999054,119.8217478,469.7657384,475.9127801,1562.92348,1562.92348,656.9508912,124.5983484,745.3887157,294.1625581,856.4526046,325.690616,1067.121765,
